subsec,filename,title,description
Family,IMG_0007.JPG, ,
Family,IMG_0015.JPG, ,
Family,IMG_0018.JPG, ,
Family,IMG_0044.JPG, ,
Family,IMG_0059.JPG, ,
Family,IMG_0066.JPG, ,
Family,IMG_0074.JPG, ,
Family,IMG_0122.JPG, ,
Family,IMG_0129.JPG, ,
Family,IMG_0135.JPG, ,
Family,IMG_0164.JPG, ,
Family,IMG_0172.JPG, ,
Family,IMG_1173.JPG, ,
Family,IMG_1335.JPG, ,
Family,IMG_2069.jpg, ,
Family,IMG_2141.jpg, ,
Family,IMG_2157.jpg, ,
Family,IMG_2241.jpg, ,
Family,IMG_2296.jpg, ,
Family,IMG_3472_t.jpg, ,
Family,IMG_3564.JPG, ,
Family,IMG_3731_t.jpg, ,
Family,IMG_3957_t.jpg, ,
Family,IMG_4072_t.jpg, ,
Family,IMG_4087_t.jpg, ,
Family,IMG_4691_t copy.jpg, ,
Family,IMG_5411.JPG, ,
Family,IMG_6532.JPG, ,
Family,IMG_6863.jpg, ,
Family,IMG_6886.jpg, ,
Family,IMG_6887.jpg, ,
Family,IMG_6892.jpg, ,
Family,IMG_6896.jpg, ,
Family,IMG_6949.jpg, ,
Family,IMG_7159.jpg, ,
Family,IMG_7223.jpg, ,
Family,IMG_7978.JPG, ,
Family,IMG_8034.JPG, ,
Family,IMG_8095.JPG, ,
Family,IMG_8982_t.jpg, ,
Family,IMG_9234.jpg, ,
Family,IMG_9236.jpg, ,
Family,IMG_9359.JPG, ,
Family,IMG_9369.JPG, ,
Family,IMG_9370.JPG, ,
Family,IMG_9410_t.jpg, ,
Family,IMG_9530_t.jpg, ,
Family,IMG_9546_t.jpg, ,
Sports,A19I0035.jpg, ,
Sports,A19I0039.jpg, ,
Sports,A19I0130.jpg, ,
Sports,A19I0139.jpg, ,
Sports,A19I0186.jpg, ,
Sports,A19I0219.jpg, ,
Sports,A19I0321.jpg, ,
Sports,A19I0354.jpg, ,
Sports,A19I0413.jpg, ,
Sports,A19I0418.jpg, ,
Sports,A19I0979.jpg, ,
Sports,A19I1136.jpg, ,
Sports,A19I1428.jpg, ,
Sports,A19I1774.jpg, ,
Sports,A19I1923.jpg, ,
Sports,A19I1927.jpg, ,
Sports,A19I2028.jpg, ,
Sports,A19I2147.jpg, ,
Sports,A19I2154.jpg, ,
Sports,A19I2841.jpg, ,
Sports,A19I2850.jpg, ,
Sports,A19I2924.jpg, ,
Sports,A19I2930.jpg, ,
Sports,A19I3116.jpg, ,
Sports,A19I3564.jpg, ,
Sports,A19I3741.jpg, ,
Sports,A19I3815.jpg, ,
Sports,A19I3817.jpg, ,
Sports,A19I4369.jpg, ,
Sports,A19I4373.jpg, ,
Sports,A19I4394.jpg, ,
Sports,A19I4568 copy.JPG, ,
Sports,A19I5397.jpg, ,
Sports,A19I5763.jpg, ,
Sports,A19I6465 copy.jpg, ,
Sports,A19I6482.jpg, ,
Sports,A19I6483.jpg, ,
Sports,A19I6779.jpg, ,
Sports,A19I7384.jpg, ,
Sports,A19I7457.jpg, ,
Sports,A19I7732.jpg, ,
Sports,A19I8068.jpg, ,
Sports,A19I8127.jpg, ,
Sports,A19I8254.jpg, ,
Sports,A19I8474.jpg, ,
Sports,A19I8650.jpg, ,
Sports,A19I8680.jpg, ,
Sports,A19I8816.jpg, ,
Sports,A19I8833.jpg, ,
Sports,A19I8860.jpg, ,
Sports,A19I8940.jpg, ,
Sports,A19I8955.jpg, ,
Sports,A19I8979.jpg, ,
Sports,A19I8986.jpg, ,
Sports,A19I9107.jpg, ,
Sports,A19I9115.jpg, ,
Sports,A19I9363.jpg, ,
Sports,A19I9875.jpg, ,
Sports,A19I9880.jpg, ,
Sports,IMG_0046.JPG, ,
Sports,IMG_0810.jpg, ,
Sports,IMG_2312.JPG, ,
Sports,IMG_2450.jpg, ,
Sports,IMG_3495.JPG, ,
Sports,IMG_3968.JPG, ,
Sports,IMG_9529.JPG, ,
Misc,drama.jpg, ,
Misc,IMG_5454.JPG, ,
Misc,IMG_5459.JPG, ,
Misc,IMG_5490.JPG, ,
Misc,IMG_5574_t .JPG, ,
Misc,IMG_5575.JPG, ,
Misc,IMG_5739_t.JPG, ,
Misc,IMG_6492.JPG, ,
Misc,IMG_7041_t.JPG, ,
Misc,IMG_7540 (1).JPG, ,
Misc,IMG_7768 (1).jpg, ,
Misc,IMG_7866.JPG, ,
